brand,name,sale,priceU,salePriceU
DOLPHINSPORT,Бутсы,0,38.15,41.45
FEILI,Бутсы футзалки подростковые мужские кроссовки,0,71.49,83.73
Joma,Бутсы TOP FLEX,0,187.51,219.61
Joma,Футзалки мужские TOP FLEX,0,151.48,175.72
F.N.Store,Бутсы,0,63.86,80.61
Joma,Футзалки для мини-футбола TOP FLEX,0,168.0,202.93
Joma,Сороконожки мужские для футбола AGUILA,0,100.2,118.9
Elegant byts,Бутсы детские Шиповки подростковые для футбола с Шипами,0,55.36,61.94
tellson,Бутсы футбольные без шипов мужские и детские Футзалки,0,52.29,62.41
Joma,Футзалки DRIBLING,0,122.65,145.03
ABU,Бутсы многошиповые для футбола,0,135.49,172.78
Wengalbi,Бутсы футбольные шиповки с шипами детские,0,57.25,67.76
FEILI,Бутсы футзалки подростковые мужские кроссовки,0,77.95,90.44
2K,Бутсы Hunter FG,0,88.82,105.72
Joma,Футзалки мужские MUNDIAL,0,122.7,146.54
Light foot,Бутсы футбольные детские шиповки сороконожки,0,58.49,69.21
Joma,Футзалки для мини-футбола TOP FLEX,0,169.56,189.47
F.N.Store,Бутсы,0,65.07,80.61
Elegant byts,Бутсы детские Шиповки подростковые для футбола с Шипами,0,55.1,61.94
Футбольный мир,Бутсы футбольные с шипами Nike Air Zoom сороконожки,0,130.5,147.36
Joma,Обувь футбольная для зала TOLEDO JR,0,92.35,106.28
Light foot,Бутсы футбольные детские сороконожки подростковые,0,52.41,62.16
FEILI,Бутсы футзалки подростковые мужские кроссовки,0,77.73,90.44
Joma,TOP FLEX REBOUND,0,195.97,234.19
FEILI,Бутсы футзалки подростковые мужские кроссовки,0,71.51,83.73
Joma,Футзалки MAXIMA,0,96.72,116.23
F.N.Store,Бутсы,0,63.28,80.61
2K,Бутсы Hunter TF,0,87.35,105.72
YM - SPORTS,Бутсы футбольные с шипами Nike Gripknit Phantom GX,0,380.38,441.48
F.N.Store,Бутсы,0,63.21,80.61
SHUFU,Бутсы для спорта,0,45.02,53.37
TWINGO,Бутсы сороконожки футбольные без шипов для газона и футзала,0,77.36,79.3
FEILI,Бутсы футзалки подростковые мужские кроссовки,0,76.94,90.44
Wengalbi,Бутсы футбольные шиповки с шипами детские,0,53.86,59.88
Virtey,Бутсы футбольные с шипами,0,79.89,100.64
FB ORIGINAL,Бутсы футбольные Футзалки,0,43.07,50.91
Футбольный мир,Бутсы футбольные с шипами Nike Air Zoom сороконожки,0,129.41,147.3
KELME,"Бутсы футзалки мужские, женские PRECISION",0,105.5,127.19
Joma,Сороконожки для футбола TOP FLEX,0,158.74,189.18
Elegant byts,Бутсы детские Шиповки подростковые для футбола с Шипами,0,59.74,70.72
FEILI,Бутсы футзалки подростковые мужские кроссовки,0,71.8,83.73
Joma,TOP FLEX,0,196.29,237.18
Wengalbi,Бутсы футбольные шиповки с шипами детские,0,57.05,67.75
Backheel,Бутсы футбольные с шипами,0,65.85,78.42
Joma,Шиповки Aguila turf,0,107.68,122.18
Virtey,Бутсы футбольные с шипами,0,87.41,108.31
tellson,Бутсы детские футбольные с шипами Сороконожки,0,58.96,69.63
DOLPHINSPORT,Бутсы,0,102.75,120.43
Atemi,Бутсы футбольные многошиповки,0,74.84,88.16
FB ORIGINAL,Бутсы футбольные Футзалки,0,42.25,50.93
FEILI,Бутсы футзалки подростковые мужские кроссовки,0,71.38,83.73
2K,Бутсы Hunter FG,0,86.82,103.15
Virtey,Бутсы футбольные с шипами,0,81.58,100.64
Joma,Футзалки для мини-футбола TOP FLEX,0,167.41,216.4
Elegant leg,Бутсы шиповки сороконожки подростковые мужские футзалки,0,54.65,55.77
Joma,Футзалки мужские TOP FLEX,0,134.68,162.33
Joma,Сороконожки CANCHA,0,115.19,141.27
Joma,Бутсы NUMERO-10,0,114.48,141.23
FEILI,Бутсы футзалки подростковые мужские кроссовки,0,77.86,90.44
KELME,Бутсы футбольные с шипами Сороконожки для футбола,0,126.07,129.84
Joma,Сороконожки DRIBLING,0,117.05,131.91
Elegant byts,Бутсы детские Шиповки подростковые для футбола с Шипами,0,65.29,73.73
KELME,"Бутсы футзалки мужские, женские PRECISION",0,106.05,127.19
Joma,REGATE REBOUND,0,201.07,236.96
adidas,Футбольные Бутсы Predator Edge.3 Fg,0,97.01,113.2
Nike Air Zoom,Бутсы футбольные с шипами сороконожки,0,112.88,133.61
Light foot,Бутсы футбольные детские шиповки сороконожки,0,59.19,69.21
Vitai,Бутсы сороконожки футбольные,0,52.82,63.45
Demix,Бутсы SALA BASE 2 JR,0,125.62,142.75
Elegant byts,Бутсы детские Шиповки подростковые для футбола с Шипами,0,64.9,73.71
adidas,Футбольные Бутсы Predator Edge.3 Fg,0,95.78,113.2
Light foot,Бутсы футбольные детские шиповки сороконожки,0,58.21,69.21
FEILI,Бутсы футзалки подростковые мужские кроссовки,0,76.6,90.44
Joma,Сороконожки для футбола TOP FLEX,0,159.8,189.18
FB ORIGINAL,Бутсы футбольные Футзалки,0,42.86,50.91
MULTIBAG,Бутсы мужские футбольные с шипами спортивные шиповки детские,0,64.59,77.56
DOLPHINSPORT,Бутсы,0,65.74,75.53
tellson,Бутсы мужские футбольные с шипами Сороконожки,0,59.34,69.63
Joma,Бутсы TOP FLEX,0,186.78,219.61
Joma,TOLEDO JR,0,91.95,108.2
tellson,Бутсы мужские с шипами Футбольные Шиповки для подростка,0,55.02,65.35
KELME,Бутсы для футзала INDOOR COPA,0,95.61,113.49
Atemi,Бутсы для футзала,0,67.93,82.58
Vitai,Бутсы футбольные детские с шипами,0,57.17,67.47
Elegant leg,Бутсы шиповки сороконожки подростковые мужские футзалки,0,61.45,64.74
tellson,Бутсы футбольные для подростка с шипами Сороконожки,0,64.28,75.83
Joma,Футзалки мужские TOP FLEX REBOUND,0,169.44,200.05
Joma,Сороконожки для футбола MUNDIAL,0,135.03,160.68
Pappix,Бутсы,0,45.84,59.77
DOLPHINSPORT,Бутсы футбольные,0,68.12,68.03
tellson,Бутсы футбольные шиповки Мужские для подростка с шипами,0,63.0,74.52
tellson,Бутсы мужские с Шипами подростковые Шиповки для футбола,0,63.49,74.32
Joma,Футзальная обувь FS REACTIVE,0,165.34,197.32
tellson,Бутсы футбольные шиповки Мужские для подростка с шипами,0,57.9,68.54
Shuzzi,Бутсы футбольные детские футзалки подростковые для зала,0,74.66,88.25
Comfy Shoes,Футбольные бутсы с шипами,0,55.29,66.16
tellson,Бутсы футбольные шиповки с шипами мужские подростковые,0,63.49,74.62
Joma,Футзалки детские SUPERCOPA,2,81.04,78.88
Joma,Обувь футбольная для зала TOLEDO JR,0,91.23,106.28
tellson,Бутсы футбольные для подростка с шипами Сороконожки,0,64.84,75.83
